Workbook

Sheet Sheet1
B3: 年度财务数据对比分析表 | H3: 销售额 | K3: 利润值 | N3: 目标销售额 | Q3: 完成率 | T3: 增幅
H4: =O9 -> 8712 | K4: =SUM(C12:N12) -> 1910 | N4: =SUM(C10:N10) -> 8188 | Q4: =O11 -> 1.0639961 | T4: =O13 -> -0.055555556
B5: Comparative analysis of annual financial data
B7: 月份 | C7: 1月 | D7: 2月 | E7: 3月 | F7: 4月 | G7: 5月 | H7: 6月 | I7: 7月 | J7: 8月 | K7: 9月 | L7: 10月 | M7: 11月 | N7: 12月 | O7: 合计
B8: 去年销售额 | C8: =RANDBETWEEN(500,1000) -> 820 | D8: =RANDBETWEEN(500,1000) -> 673 | E8: =RANDBETWEEN(500,1000) -> 773 | F8: =RANDBETWEEN(500,1000) -> 976 | G8: =RANDBETWEEN(500,1000) -> 708 | H8: =RANDBETWEEN(500,1000) -> 553 | I8: =RANDBETWEEN(500,1000) -> 975 | J8: =RANDBETWEEN(500,1000) -> 716 | ... N8: =RANDBETWEEN(500,1000) -> 870 | O8: =SUM(C8:N8) -> 9196
B9: 销售额 | C9: =RANDBETWEEN(500,1000) -> 815 | D9: =RANDBETWEEN(500,1000) -> 816 | E9: =RANDBETWEEN(500,1000) -> 716 | F9: =RANDBETWEEN(500,1000) -> 589 | G9: =RANDBETWEEN(500,1000) -> 627 | H9: =RANDBETWEEN(500,1000) -> 602 | I9: =RANDBETWEEN(500,1000) -> 753 | J9: =RANDBETWEEN(500,1000) -> 819 | ... N9: =RANDBETWEEN(500,1000) -> 615 | O9: =SUM(C9:N9) -> 8712
B10: 目标销售额 | C10: =RANDBETWEEN(500,1000) -> 611 | D10: =RANDBETWEEN(500,1000) -> 988 | E10: =RANDBETWEEN(500,1000) -> 558 | F10: =RANDBETWEEN(500,1000) -> 731 | G10: =RANDBETWEEN(500,1000) -> 641 | H10: =RANDBETWEEN(500,1000) -> 698 | I10: =RANDBETWEEN(500,1000) -> 650 | J10: =RANDBETWEEN(500,1000) -> 515 | ... N10: =RANDBETWEEN(500,1000) -> 732 | O10: =SUM(C10:N10) -> 8188
B11: 完成率 | C11: =C9/C10 -> 1.3338789 | D11: =D9/D10 -> 0.82591093 | E11: =E9/E10 -> 1.2831541 | F11: =F9/F10 -> 0.80574555 | G11: =G9/G10 -> 0.97815913 | H11: =H9/H10 -> 0.86246418 | I11: =I9/I10 -> 1.1584615 | J11: =J9/J10 -> 1.5902913 | ... O11: =O9/O10 -> 1.0639961
B12: 利润值 | C12: =RANDBETWEEN(100,200) -> 185 | D12: =RANDBETWEEN(100,200) -> 116 | E12: =RANDBETWEEN(100,200) -> 177 | F12: =RANDBETWEEN(100,200) -> 120 | G12: =RANDBETWEEN(100,200) -> 138 | H12: =RANDBETWEEN(100,200) -> 132 | I12: =RANDBETWEEN(100,200) -> 124 | J12: =RANDBETWEEN(100,200) -> 181 | ... N12: =RANDBETWEEN(100,200) -> 193 | O12: =SUM(C12:N12) -> 1910
B13: 同比增幅 | C13: =(C9-C8)/C9 -> -0.0061349693 | D13: =(D9-D8)/D9 -> 0.1752451 | E13: =(E9-E8)/E9 -> -0.079608939 | F13: =(F9-F8)/F9 -> -0.65704584 | G13: =(G9-G8)/G9 -> -0.1291866 | H13: =(H9-H8)/H9 -> 0.081395349 | I13: =(I9-I8)/I9 -> -0.29482072 | J13: =(J9-J8)/J9 -> 0.12576313 | ... O13: =(O9-O8)/O9 -> -0.055555556

Sheet Sheet2
B2: 时间 | C2: 销量 | D2: 目标值 | E2: 利润
B3: 一季度 | C3: =SUM(Sheet1!C8:E8) -> 2266 | D3: =SUM(Sheet1!C10:E10) -> 2157 | E3: =SUM(Sheet1!C12:E12) -> 478
B4: 二季度 | C4: =SUM(Sheet1!F8:H8) -> 2237 | D4: =SUM(Sheet1!F10:H10) -> 2070 | E4: =SUM(Sheet1!F12:G12) -> 258
B5: 三季度 | C5: =SUM(Sheet1!I8:K8) -> 2197 | D5: =SUM(Sheet1!I10:K10) -> 1951 | E5: =SUM(Sheet1!H12:J12) -> 437
B6: 四季度 | C6: =SUM(Sheet1!L8:N8) -> 2496 | D6: =SUM(Sheet1!L10:N10) -> 2010 | E6: =SUM(Sheet1!L12:N12) -> 556
