Workbook

Sheet 目录
D1: 年度财务收入支出汇总表（自动汇总）
I2: 年度
I3: =E7+H7+K7+N7 -> 7000
I4: =E8+H8+K8+N8 -> 21200
I5: =E9+H9+K9+N9 -> -14200
E6: 第一季度 | H6: 第二季度 | K6: 第三季度 | N6: 第四季度
E7: =D11+E11+F11 -> 2270 | H7: =G11+H11+I11 -> 1730 | K7: =J11+K11+L11 -> 1500 | N7: =M11+N11+O11 -> 1500
E8: =D12+E12+F12 -> 4300 | H8: =G12+H12+I12 -> 5800 | K8: =J12+K12+L12 -> 5550 | N8: =M12+N12+O12 -> 5550
E9: =D13+E13+F13 -> -2030 | H9: =G13+H13+I13 -> -4070 | K9: =J13+K13+L13 -> -4050 | N9: =M13+N13+O13 -> -4050
D10: 1月 | E10: 2月 | F10: 3月 | G10: 4月 | H10: 5月 | I10: 6月 | J10: 7月 | K10: 8月 | L10: 9月 | M10: 10月 | N10: 11月 | O10: 12月
C11: 收入 | D11: ='1月'!$S$2 -> 500 | E11: ='2月'!$S$2 -> 770 | F11: ='3月'!$S$2 -> 1000 | G11: ='4月'!$S$2 -> 710 | H11: ='5月'!$S$2 -> 520 | I11: ='6月'!$S$2 -> 500 | J11: ='7月'!$S$2 -> 500 | K11: ='8月'!$S$2 -> 500 | L11: ='9月'!$S$2 -> 500 | M11: ='10月'!$S$2 -> 500 | N11: ='11月'!$S$2 -> 500 | O11: ='12月'!$S$2 -> 500
C12: 支出 | D12: ='1月'!$S$3 -> 1850 | E12: ='2月'!$S$3 -> 1350 | F12: ='3月'!$S$3 -> 1100 | G12: ='4月'!$S$3 -> 1880 | H12: ='5月'!$S$3 -> 2070 | I12: ='6月'!$S$3 -> 1850 | J12: ='7月'!$S$3 -> 1850 | K12: ='8月'!$S$3 -> 1850 | L12: ='9月'!$S$3 -> 1850 | M12: ='10月'!$S$3 -> 1850 | N12: ='11月'!$S$3 -> 1850 | O12: ='12月'!$S$3 -> 1850
C13: 结余 | D13: ='1月'!$S$4 -> -1350 | E13: ='2月'!$S$4 -> -580 | F13: ='3月'!$S$4 -> -100 | G13: ='4月'!$S$4 -> -1170 | H13: ='5月'!$S$4 -> -1550 | I13: ='7月'!$S$4 -> -1350 | J13: ='7月'!$S$4 -> -1350 | K13: ='8月'!$S$4 -> -1350 | L13: ='9月'!$S$4 -> -1350 | M13: ='10月'!$S$4 -> -1350 | N13: ='11月'!$S$4 -> -1350 | O13: ='12月'!$S$4 -> -1350

Sheet 1月
A1: 月度收入支出明细表（自动统计）
A2: 记账周期 | B2: 年 月 日—— 年 月 日 | H2: 记录人： | R2: 本月收入 | S2: =A5 -> 500
A3: 总计 | B3: 支出明细表 | H3: 收入明细表 | R3: 本月支出 | S3: =A9 -> 1850
A4: 本月收入 | B4: 编号 | C4: 支出金额 | D4: 支出项目 | E4: 摘要 | F4: 备注 | H4: 编号 | I4: 收入金额 | J4: 收入项目 | K4: 摘要 | L4: 备注 | R4: 结余总额 | S4: =A13 -> -1350
A5: =I32 -> 500 | B5: 1 | C5: 100 | H5: 1 | I5: 50
B6: 2 | C6: 200 | H6: 2 | I6: 20
B7: 3 | C7: 300 | H7: 3 | I7: 30
A8: 本月支出 | B8: 4 | C8: 100 | H8: 4 | I8: 400
A9: =C32 -> 1850 | B9: 5 | C9: 100 | H9: 5
B10: 6 | C10: 300 | H10: 6
B11: 7 | C11: 250 | H11: 7
A12: 结余总额 | B12: 8 | C12: 500 | H12: 8
A13: =A5-A9 -> -1350 | B13: 9 | H13: 9
B14: 10 | H14: 10
B15: 11 | H15: 11
B16: 12 | H16: 12
B17: 13 | H17: 13
B18: 14 | H18: 14
B19: 15 | H19: 15
B20: 16 | H20: 16
B21: 17 | H21: 17
B22: 18 | H22: 18
B23: 19 | H23: 19
B24: 20 | H24: 20
B25: 21 | H25: 21
... B31: 27 | H31: 27
B32: 合计 | C32: =SUM(C5:C31) -> 1850 | H32: 合计 | I32: =SUM(I5:I31) -> 500

Sheet 2月
A1: 月度收入支出明细表（自动统计）
A2: 记账周期 | B2: 年 月 日—— 年 月 日 | H2: 记录人： | R2: 本月收入 | S2: =A5 -> 770
A3: 总计 | B3: 支出明细表 | H3: 收入明细表 | R3: 本月支出 | S3: =A9 -> 1350
A4: 本月收入 | B4: 编号 | C4: 支出金额 | D4: 支出项目 | E4: 摘要 | F4: 备注 | H4: 编号 | I4: 收入金额 | J4: 收入项目 | K4: 摘要 | L4: 备注 | R4: 结余总额 | S4: =A13 -> -580
A5: =I32 -> 770 | B5: 1 | C5: 100 | H5: 1 | I5: 50
B6: 2 | C6: 200 | H6: 2 | I6: 20
B7: 3 | C7: 300 | H7: 3 | I7: 300
A8: 本月支出 | B8: 4 | C8: 100 | H8: 4 | I8: 400
A9: =C32 -> 1350 | B9: 5 | C9: 100 | H9: 5
B10: 6 | C10: 300 | H10: 6
B11: 7 | C11: 250 | H11: 7
A12: 结余总额 | B12: 8 | H12: 8
A13: =A5-A9 -> -580 | B13: 9 | H13: 9
B14: 10 | H14: 10
B15: 11 | H15: 11
B16: 12 | H16: 12
B17: 13 | H17: 13
B18: 14 | H18: 14
B19: 15 | H19: 15
B20: 16 | H20: 16
B21: 17 | H21: 17
B22: 18 | H22: 18
B23: 19 | H23: 19
B24: 20 | H24: 20
B25: 21 | H25: 21
... B31: 27 | H31: 27
B32: 合计 | C32: =SUM(C5:C31) -> 1350 | H32: 合计 | I32: =SUM(I5:I31) -> 770

Sheet 3月
A1: 月度收入支出明细表（自动统计）
A2: 记账周期 | B2: 年 月 日—— 年 月 日 | H2: 记录人： | R2: 本月收入 | S2: =A5 -> 1000
A3: 总计 | B3: 支出明细表 | H3: 收入明细表 | R3: 本月支出 | S3: =A9 -> 1100
A4: 本月收入 | B4: 编号 | C4: 支出金额 | D4: 支出项目 | E4: 摘要 | F4: 备注 | H4: 编号 | I4: 收入金额 | J4: 收入项目 | K4: 摘要 | L4: 备注 | R4: 结余总额 | S4: =A13 -> -100
A5: =I32 -> 1000 | B5: 1 | C5: 100 | H5: 1 | I5: 50
B6: 2 | C6: 200 | H6: 2 | I6: 20
B7: 3 | C7: 300 | H7: 3 | I7: 30
A8: 本月支出 | B8: 4 | C8: 100 | H8: 4 | I8: 400
A9: =C32 -> 1100 | B9: 5 | C9: 100 | H9: 5 | I9: 500
B10: 6 | C10: 300 | H10: 6
B11: 7 | H11: 7
A12: 结余总额 | B12: 8 | H12: 8
A13: =A5-A9 -> -100 | B13: 9 | H13: 9
B14: 10 | H14: 10
B15: 11 | H15: 11
B16: 12 | H16: 12
B17: 13 | H17: 13
B18: 14 | H18: 14
B19: 15 | H19: 15
B20: 16 | H20: 16
B21: 17 | H21: 17
B22: 18 | H22: 18
B23: 19 | H23: 19
B24: 20 | H24: 20
B25: 21 | H25: 21
... B31: 27 | H31: 27
B32: 合计 | C32: =SUM(C5:C31) -> 1100 | H32: 合计 | I32: =SUM(I5:I31) -> 1000

Sheet 4月
A1: 月度收入支出明细表（自动统计）
A2: 记账周期 | B2: 年 月 日—— 年 月 日 | H2: 记录人： | R2: 本月收入 | S2: =A5 -> 710
A3: 总计 | B3: 支出明细表 | H3: 收入明细表 | R3: 本月支出 | S3: =A9 -> 1880
A4: 本月收入 | B4: 编号 | C4: 支出金额 | D4: 支出项目 | E4: 摘要 | F4: 备注 | H4: 编号 | I4: 收入金额 | J4: 收入项目 | K4: 摘要 | L4: 备注 | R4: 结余总额 | S4: =A13 -> -1170
A5: =I32 -> 710 | B5: 1 | C5: 100 | H5: 1 | I5: 50
B6: 2 | C6: 200 | H6: 2 | I6: 20
B7: 3 | C7: 300 | H7: 3 | I7: 30
A8: 本月支出 | B8: 4 | C8: 100 | H8: 4 | I8: 400
A9: =C32 -> 1880 | B9: 5 | C9: 100 | H9: 5 | I9: 200
B10: 6 | C10: 300 | H10: 6 | I10: 10
B11: 7 | C11: 250 | H11: 7
A12: 结余总额 | B12: 8 | C12: 500 | H12: 8
A13: =A5-A9 -> -1170 | B13: 9 | C13: 30 | H13: 9
B14: 10 | H14: 10
B15: 11 | H15: 11
B16: 12 | H16: 12
B17: 13 | H17: 13
B18: 14 | H18: 14
B19: 15 | H19: 15
B20: 16 | H20: 16
B21: 17 | H21: 17
B22: 18 | H22: 18
B23: 19 | H23: 19
B24: 20 | H24: 20
B25: 21 | H25: 21
... B31: 27 | H31: 27
B32: 合计 | C32: =SUM(C5:C31) -> 1880 | H32: 合计 | I32: =SUM(I5:I31) -> 710

Sheet 5月
A1: 月度收入支出明细表（自动统计）
A2: 记账周期 | B2: 年 月 日—— 年 月 日 | H2: 记录人： | R2: 本月收入 | S2: =A5 -> 520
A3: 总计 | B3: 支出明细表 | H3: 收入明细表 | R3: 本月支出 | S3: =A9 -> 2070
A4: 本月收入 | B4: 编号 | C4: 支出金额 | D4: 支出项目 | E4: 摘要 | F4: 备注 | H4: 编号 | I4: 收入金额 | J4: 收入项目 | K4: 摘要 | L4: 备注 | R4: 结余总额 | S4: =A13 -> -1550
A5: =I32 -> 520 | B5: 1 | C5: 100 | H5: 1 | I5: 50
B6: 2 | C6: 200 | H6: 2 | I6: 20
B7: 3 | C7: 300 | H7: 3 | I7: 30
A8: 本月支出 | B8: 4 | C8: 100 | H8: 4 | I8: 400
A9: =C32 -> 2070 | B9: 5 | C9: 100 | H9: 5 | I9: 20
B10: 6 | C10: 300 | H10: 6
B11: 7 | C11: 250 | H11: 7
A12: 结余总额 | B12: 8 | C12: 500 | H12: 8
A13: =A5-A9 -> -1550 | B13: 9 | C13: 220 | H13: 9
B14: 10 | H14: 10
B15: 11 | H15: 11
B16: 12 | H16: 12
B17: 13 | H17: 13
B18: 14 | H18: 14
B19: 15 | H19: 15
B20: 16 | H20: 16
B21: 17 | H21: 17
B22: 18 | H22: 18
B23: 19 | H23: 19
B24: 20 | H24: 20
B25: 21 | H25: 21
... B31: 27 | H31: 27
B32: 合计 | C32: =SUM(C5:C31) -> 2070 | H32: 合计 | I32: =SUM(I5:I31) -> 520

Sheet 6月
A1: 月度收入支出明细表（自动统计）
A2: 记账周期 | B2: 年 月 日—— 年 月 日 | H2: 记录人： | R2: 本月收入 | S2: =A5 -> 500
A3: 总计 | B3: 支出明细表 | H3: 收入明细表 | R3: 本月支出 | S3: =A9 -> 1850
A4: 本月收入 | B4: 编号 | C4: 支出金额 | D4: 支出项目 | E4: 摘要 | F4: 备注 | H4: 编号 | I4: 收入金额 | J4: 收入项目 | K4: 摘要 | L4: 备注 | R4: 结余总额 | S4: =A13 -> -1350
A5: =I32 -> 500 | B5: 1 | C5: 100 | H5: 1 | I5: 50
B6: 2 | C6: 200 | H6: 2 | I6: 20
B7: 3 | C7: 300 | H7: 3 | I7: 30
A8: 本月支出 | B8: 4 | C8: 100 | H8: 4 | I8: 400
A9: =C32 -> 1850 | B9: 5 | C9: 100 | H9: 5
B10: 6 | C10: 300 | H10: 6
B11: 7 | C11: 250 | H11: 7
A12: 结余总额 | B12: 8 | C12: 500 | H12: 8
A13: =A5-A9 -> -1350 | B13: 9 | H13: 9
B14: 10 | H14: 10
B15: 11 | H15: 11
B16: 12 | H16: 12
B17: 13 | H17: 13
B18: 14 | H18: 14
B19: 15 | H19: 15
B20: 16 | H20: 16
B21: 17 | H21: 17
B22: 18 | H22: 18
B23: 19 | H23: 19
B24: 20 | H24: 20
B25: 21 | H25: 21
... B31: 27 | H31: 27
B32: 合计 | C32: =SUM(C5:C31) -> 1850 | H32: 合计 | I32: =SUM(I5:I31) -> 500

Sheet 7月
A1: 月度收入支出明细表（自动统计）
A2: 记账周期 | B2: 年 月 日—— 年 月 日 | H2: 记录人： | R2: 本月收入 | S2: =A5 -> 500
A3: 总计 | B3: 支出明细表 | H3: 收入明细表 | R3: 本月支出 | S3: =A9 -> 1850
A4: 本月收入 | B4: 编号 | C4: 支出金额 | D4: 支出项目 | E4: 摘要 | F4: 备注 | H4: 编号 | I4: 收入金额 | J4: 收入项目 | K4: 摘要 | L4: 备注 | R4: 结余总额 | S4: =A13 -> -1350
A5: =I32 -> 500 | B5: 1 | C5: 100 | H5: 1 | I5: 50
B6: 2 | C6: 200 | H6: 2 | I6: 20
B7: 3 | C7: 300 | H7: 3 | I7: 30
A8: 本月支出 | B8: 4 | C8: 100 | H8: 4 | I8: 400
A9: =C32 -> 1850 | B9: 5 | C9: 100 | H9: 5
B10: 6 | C10: 300 | H10: 6
B11: 7 | C11: 250 | H11: 7
A12: 结余总额 | B12: 8 | C12: 500 | H12: 8
A13: =A5-A9 -> -1350 | B13: 9 | H13: 9
B14: 10 | H14: 10
B15: 11 | H15: 11
B16: 12 | H16: 12
B17: 13 | H17: 13
B18: 14 | H18: 14
B19: 15 | H19: 15
B20: 16 | H20: 16
B21: 17 | H21: 17
B22: 18 | H22: 18
B23: 19 | H23: 19
B24: 20 | H24: 20
B25: 21 | H25: 21
... B31: 27 | H31: 27
B32: 合计 | C32: =SUM(C5:C31) -> 1850 | H32: 合计 | I32: =SUM(I5:I31) -> 500

Sheet 8月
A1: 月度收入支出明细表（自动统计）
A2: 记账周期 | B2: 年 月 日—— 年 月 日 | H2: 记录人： | R2: 本月收入 | S2: =A5 -> 500
A3: 总计 | B3: 支出明细表 | H3: 收入明细表 | R3: 本月支出 | S3: =A9 -> 1850
A4: 本月收入 | B4: 编号 | C4: 支出金额 | D4: 支出项目 | E4: 摘要 | F4: 备注 | H4: 编号 | I4: 收入金额 | J4: 收入项目 | K4: 摘要 | L4: 备注 | R4: 结余总额 | S4: =A13 -> -1350
A5: =I32 -> 500 | B5: 1 | C5: 100 | H5: 1 | I5: 50
B6: 2 | C6: 200 | H6: 2 | I6: 20
B7: 3 | C7: 300 | H7: 3 | I7: 30
A8: 本月支出 | B8: 4 | C8: 100 | H8: 4 | I8: 400
A9: =C32 -> 1850 | B9: 5 | C9: 100 | H9: 5
B10: 6 | C10: 300 | H10: 6
B11: 7 | C11: 250 | H11: 7
A12: 结余总额 | B12: 8 | C12: 500 | H12: 8
A13: =A5-A9 -> -1350 | B13: 9 | H13: 9
B14: 10 | H14: 10
B15: 11 | H15: 11
B16: 12 | H16: 12
B17: 13 | H17: 13
B18: 14 | H18: 14
B19: 15 | H19: 15
B20: 16 | H20: 16
B21: 17 | H21: 17
B22: 18 | H22: 18
B23: 19 | H23: 19
B24: 20 | H24: 20
B25: 21 | H25: 21
... B31: 27 | H31: 27
B32: 合计 | C32: =SUM(C5:C31) -> 1850 | H32: 合计 | I32: =SUM(I5:I31) -> 500

Sheet 9月
A1: 月度收入支出明细表（自动统计）
A2: 记账周期 | B2: 年 月 日—— 年 月 日 | H2: 记录人： | R2: 本月收入 | S2: =A5 -> 500
A3: 总计 | B3: 支出明细表 | H3: 收入明细表 | R3: 本月支出 | S3: =A9 -> 1850
A4: 本月收入 | B4: 编号 | C4: 支出金额 | D4: 支出项目 | E4: 摘要 | F4: 备注 | H4: 编号 | I4: 收入金额 | J4: 收入项目 | K4: 摘要 | L4: 备注 | R4: 结余总额 | S4: =A13 -> -1350
A5: =I32 -> 500 | B5: 1 | C5: 100 | H5: 1 | I5: 50
B6: 2 | C6: 200 | H6: 2 | I6: 20
B7: 3 | C7: 300 | H7: 3 | I7: 30
A8: 本月支出 | B8: 4 | C8: 100 | H8: 4 | I8: 400
A9: =C32 -> 1850 | B9: 5 | C9: 100 | H9: 5
B10: 6 | C10: 300 | H10: 6
B11: 7 | C11: 250 | H11: 7
A12: 结余总额 | B12: 8 | C12: 500 | H12: 8
A13: =A5-A9 -> -1350 | B13: 9 | H13: 9
B14: 10 | H14: 10
B15: 11 | H15: 11
B16: 12 | H16: 12
B17: 13 | H17: 13
B18: 14 | H18: 14
B19: 15 | H19: 15
B20: 16 | H20: 16
B21: 17 | H21: 17
B22: 18 | H22: 18
B23: 19 | H23: 19
B24: 20 | H24: 20
B25: 21 | H25: 21
... B31: 27 | H31: 27
B32: 合计 | C32: =SUM(C5:C31) -> 1850 | H32: 合计 | I32: =SUM(I5:I31) -> 500

Sheet 10月
A1: 月度收入支出明细表（自动统计）
A2: 记账周期 | B2: 年 月 日—— 年 月 日 | H2: 记录人： | R2: 本月收入 | S2: =A5 -> 500
A3: 总计 | B3: 支出明细表 | H3: 收入明细表 | R3: 本月支出 | S3: =A9 -> 1850
A4: 本月收入 | B4: 编号 | C4: 支出金额 | D4: 支出项目 | E4: 摘要 | F4: 备注 | H4: 编号 | I4: 收入金额 | J4: 收入项目 | K4: 摘要 | L4: 备注 | R4: 结余总额 | S4: =A13 -> -1350
A5: =I32 -> 500 | B5: 1 | C5: 100 | H5: 1 | I5: 50
B6: 2 | C6: 200 | H6: 2 | I6: 20
B7: 3 | C7: 300 | H7: 3 | I7: 30
A8: 本月支出 | B8: 4 | C8: 100 | H8: 4 | I8: 400
A9: =C32 -> 1850 | B9: 5 | C9: 100 | H9: 5
B10: 6 | C10: 300 | H10: 6
B11: 7 | C11: 250 | H11: 7
A12: 结余总额 | B12: 8 | C12: 500 | H12: 8
A13: =A5-A9 -> -1350 | B13: 9 | H13: 9
B14: 10 | H14: 10
B15: 11 | H15: 11
B16: 12 | H16: 12
B17: 13 | H17: 13
B18: 14 | H18: 14
B19: 15 | H19: 15
B20: 16 | H20: 16
B21: 17 | H21: 17
B22: 18 | H22: 18
B23: 19 | H23: 19
B24: 20 | H24: 20
B25: 21 | H25: 21
... B31: 27 | H31: 27
B32: 合计 | C32: =SUM(C5:C31) -> 1850 | H32: 合计 | I32: =SUM(I5:I31) -> 500

Sheet 11月
A1: 月度收入支出明细表（自动统计）
A2: 记账周期 | B2: 年 月 日—— 年 月 日 | H2: 记录人： | R2: 本月收入 | S2: =A5 -> 500
A3: 总计 | B3: 支出明细表 | H3: 收入明细表 | R3: 本月支出 | S3: =A9 -> 1850
A4: 本月收入 | B4: 编号 | C4: 支出金额 | D4: 支出项目 | E4: 摘要 | F4: 备注 | H4: 编号 | I4: 收入金额 | J4: 收入项目 | K4: 摘要 | L4: 备注 | R4: 结余总额 | S4: =A13 -> -1350
A5: =I32 -> 500 | B5: 1 | C5: 100 | H5: 1 | I5: 50
B6: 2 | C6: 200 | H6: 2 | I6: 20
B7: 3 | C7: 300 | H7: 3 | I7: 30
A8: 本月支出 | B8: 4 | C8: 100 | H8: 4 | I8: 400
A9: =C32 -> 1850 | B9: 5 | C9: 100 | H9: 5
B10: 6 | C10: 300 | H10: 6
B11: 7 | C11: 250 | H11: 7
A12: 结余总额 | B12: 8 | C12: 500 | H12: 8
A13: =A5-A9 -> -1350 | B13: 9 | H13: 9
B14: 10 | H14: 10
B15: 11 | H15: 11
B16: 12 | H16: 12
B17: 13 | H17: 13
B18: 14 | H18: 14
B19: 15 | H19: 15
B20: 16 | H20: 16
B21: 17 | H21: 17
B22: 18 | H22: 18
B23: 19 | H23: 19
B24: 20 | H24: 20
B25: 21 | H25: 21
... B31: 27 | H31: 27
B32: 合计 | C32: =SUM(C5:C31) -> 1850 | H32: 合计 | I32: =SUM(I5:I31) -> 500

Sheet 12月
A1: 月度收入支出明细表（自动统计）
A2: 记账周期 | B2: 年 月 日—— 年 月 日 | H2: 记录人： | R2: 本月收入 | S2: =A5 -> 500
A3: 总计 | B3: 支出明细表 | H3: 收入明细表 | R3: 本月支出 | S3: =A9 -> 1850
A4: 本月收入 | B4: 编号 | C4: 支出金额 | D4: 支出项目 | E4: 摘要 | F4: 备注 | H4: 编号 | I4: 收入金额 | J4: 收入项目 | K4: 摘要 | L4: 备注 | R4: 结余总额 | S4: =A13 -> -1350
A5: =I32 -> 500 | B5: 1 | C5: 100 | H5: 1 | I5: 50
B6: 2 | C6: 200 | H6: 2 | I6: 20
B7: 3 | C7: 300 | H7: 3 | I7: 30
A8: 本月支出 | B8: 4 | C8: 100 | H8: 4 | I8: 400
A9: =C32 -> 1850 | B9: 5 | C9: 100 | H9: 5
B10: 6 | C10: 300 | H10: 6
B11: 7 | C11: 250 | H11: 7
A12: 结余总额 | B12: 8 | C12: 500 | H12: 8
A13: =A5-A9 -> -1350 | B13: 9 | H13: 9
B14: 10 | H14: 10
B15: 11 | H15: 11
B16: 12 | H16: 12
B17: 13 | H17: 13
B18: 14 | H18: 14
B19: 15 | H19: 15
B20: 16 | H20: 16
B21: 17 | H21: 17
B22: 18 | H22: 18
B23: 19 | H23: 19
B24: 20 | H24: 20
B25: 21 | H25: 21
... B31: 27 | H31: 27
B32: 合计 | C32: =SUM(C5:C31) -> 1850 | H32: 合计 | I32: =SUM(I5:I31) -> 500
