Workbook

Sheet 目录
B2: 年度财务收入支出管理系统 Annual Financial Revenue and Expenditure Management System
C14: 总收入 | F14: 总支出 | I14: 余额
C15: =年度收支汇总!C15 -> 1549232 | F15: =年度收支汇总!D15 -> 1587933 | I15: =年度收支汇总!E15 -> -38701
B17: 说明：
B18: 本系统用于统计年度财务收支并进行呈现监控，各表均可编辑，且设置好了相关链接。
H20: =TODAY() -> 44329

Sheet 年度收支汇总
A1: 年度收支汇总表
A2: 编号 | B2: 月份 | C2: 收入 | D2: 支出 | E2: 余额 | F2: 备注
A3: 1 | B3: 1月 | C3: ='1月'!N4 -> 225521 | D3: ='1月'!N7 -> 246166 | E3: =C3-D3 -> -20645
A4: 2 | B4: 2月 | C4: ='2月'!N4 -> 114063 | D4: ='2月'!N7 -> 146175 | E4: =C4-D4 -> -32112
A5: 3 | B5: 3月 | C5: ='3月'!N4 -> 100041 | D5: ='3月'!N7 -> 118861 | E5: =C5-D5 -> -18820
A6: 4 | B6: 4月 | C6: ='4月'!N4 -> 128742 | D6: ='4月'!N7 -> 148604 | E6: =C6-D6 -> -19862
A7: 5 | B7: 5月 | C7: ='5月'!N4 -> 112788 | D7: ='5月'!N7 -> 118029 | E7: =C7-D7 -> -5241
A8: 6 | B8: 6月 | C8: ='6月'!N4 -> 144646 | D8: ='6月'!N7 -> 122856 | E8: =C8-D8 -> 21790
A9: 7 | B9: 7月 | C9: ='7月'!N4 -> 120111 | D9: ='7月'!N7 -> 122653 | E9: =C9-D9 -> -2542
A10: 8 | B10: 8月 | C10: ='8月'!N4 -> 119587 | D10: ='8月'!N7 -> 112570 | E10: =C10-D10 -> 7017
A11: 9 | B11: 9月 | C11: ='9月'!N4 -> 104942 | D11: ='9月'!N7 -> 113276 | E11: =C11-D11 -> -8334
A12: 10 | B12: 10月 | C12: ='10月'!N4 -> 131908 | D12: ='10月'!N7 -> 118863 | E12: =C12-D12 -> 13045
A13: 11 | B13: 11月 | C13: ='11月'!N4 -> 114367 | D13: ='11月'!N7 -> 111507 | E13: =C13-D13 -> 2860
A14: 12 | B14: 12月 | C14: ='12月'!N4 -> 132516 | D14: ='12月'!N7 -> 108373 | E14: =C14-D14 -> 24143
A15: 13 | B15: 合计 | C15: =SUM(C3:C14) -> 1549232 | D15: =SUM(D3:D14) -> 1587933 | E15: =SUM(E3:E14) -> -38701

Sheet 1月
A1: 1月份收支明细
A2: 收入明细 | H2: 支出明细 | N2: 收入合计
A3: 序号 | B3: 时间 | C3: 收入 | D3: 摘要 | E3: 金额 | F3: 备注 | H3: 序号 | I3: 时间 | J3: 支出 | K3: 摘要 | L3: 金额 | M3: 备注
A4: 1 | C4: 收入1 | E4: 9952 | H4: 1 | J4: 支出1 | L4: 2236 | N4: =SUM(E:E) -> 225521
A5: 2 | C5: 收入2 | E5: 15804 | H5: 2 | J5: 支出2 | L5: 18665
A6: 3 | C6: 收入3 | E6: 15870 | H6: 3 | J6: 支出3 | L6: 15842 | N6: 支出合计
A7: 4 | C7: 收入4 | E7: 14608 | H7: 4 | J7: 支出4 | L7: 13935 | N7: =SUM(L:L) -> 246166
A8: 5 | C8: 收入5 | E8: 16882 | H8: 5 | J8: 支出5 | L8: 7035
A9: 6 | C9: 收入6 | E9: 648 | H9: 6 | J9: 支出6 | L9: 7753
A10: 7 | C10: 收入7 | E10: 16579 | H10: 7 | J10: 支出7 | L10: 6519
A11: 8 | C11: 收入8 | E11: 10499 | H11: 8 | J11: 支出8 | L11: 12340
A12: 9 | C12: 收入9 | E12: 9265 | H12: 9 | J12: 支出9 | L12: 16800
A13: 10 | C13: 收入10 | E13: 11239 | H13: 10 | J13: 支出10 | L13: 2110
A14: 11 | C14: 收入11 | E14: 3222 | H14: 11 | J14: 支出11 | L14: 18784
A15: 12 | C15: 收入12 | E15: 982 | H15: 12 | J15: 支出12 | L15: 6345
A16: 13 | C16: 收入13 | E16: 738 | H16: 13 | J16: 支出13 | L16: 10835
A17: 14 | C17: 收入14 | E17: 18228 | H17: 14 | J17: 支出14 | L17: 19940
A18: 15 | C18: 收入15 | E18: 9303 | H18: 15 | J18: 支出15 | L18: 18366
A19: 16 | C19: 收入16 | E19: 4813 | H19: 16 | J19: 支出16 | L19: 937
... A27: 24 | C27: 收入24 | E27: 8741 | H27: 24 | J27: 支出24 | L27: 10090

Sheet 2月
A1: 2月份收支明细
A2: 收入明细 | H2: 支出明细 | N2: 收入合计
A3: 序号 | B3: 时间 | C3: 收入 | D3: 摘要 | E3: 金额 | F3: 备注 | H3: 序号 | I3: 时间 | J3: 支出 | K3: 摘要 | L3: 金额 | M3: 备注
A4: 1 | C4: 收入1 | E4: =RANDBETWEEN(100,10000) -> 1236 | H4: 1 | J4: 支出1 | L4: =RANDBETWEEN(100,10000) -> 9625 | N4: =SUM(E:E) -> 114063
A5: 2 | C5: 收入2 | E5: =RANDBETWEEN(100,10000) -> 1425 | H5: 2 | J5: 支出2 | L5: =RANDBETWEEN(100,10000) -> 9115
A6: 3 | C6: 收入3 | E6: =RANDBETWEEN(100,10000) -> 7060 | H6: 3 | J6: 支出3 | L6: =RANDBETWEEN(100,10000) -> 9929 | N6: 支出合计
A7: 4 | C7: 收入4 | E7: =RANDBETWEEN(100,10000) -> 2104 | H7: 4 | J7: 支出4 | L7: =RANDBETWEEN(100,10000) -> 7813 | N7: =SUM(L:L) -> 146175
A8: 5 | C8: 收入5 | E8: =RANDBETWEEN(100,10000) -> 2821 | H8: 5 | J8: 支出5 | L8: =RANDBETWEEN(100,10000) -> 2103
A9: 6 | C9: 收入6 | E9: =RANDBETWEEN(100,10000) -> 8056 | H9: 6 | J9: 支出6 | L9: =RANDBETWEEN(100,10000) -> 7504
A10: 7 | C10: 收入7 | E10: =RANDBETWEEN(100,10000) -> 3389 | H10: 7 | J10: 支出7 | L10: =RANDBETWEEN(100,10000) -> 3383
A11: 8 | C11: 收入8 | E11: =RANDBETWEEN(100,10000) -> 4410 | H11: 8 | J11: 支出8 | L11: =RANDBETWEEN(100,10000) -> 3403
A12: 9 | C12: 收入9 | E12: =RANDBETWEEN(100,10000) -> 5425 | H12: 9 | J12: 支出9 | L12: =RANDBETWEEN(100,10000) -> 7657
A13: 10 | C13: 收入10 | E13: =RANDBETWEEN(100,10000) -> 4062 | H13: 10 | J13: 支出10 | L13: =RANDBETWEEN(100,10000) -> 7280
A14: 11 | C14: 收入11 | E14: =RANDBETWEEN(100,10000) -> 7662 | H14: 11 | J14: 支出11 | L14: =RANDBETWEEN(100,10000) -> 9608
A15: 12 | C15: 收入12 | E15: =RANDBETWEEN(100,10000) -> 9636 | H15: 12 | J15: 支出12 | L15: =RANDBETWEEN(100,10000) -> 5328
A16: 13 | C16: 收入13 | E16: =RANDBETWEEN(100,10000) -> 4314 | H16: 13 | J16: 支出13 | L16: =RANDBETWEEN(100,10000) -> 5777
A17: 14 | C17: 收入14 | E17: =RANDBETWEEN(100,10000) -> 1037 | H17: 14 | J17: 支出14 | L17: =RANDBETWEEN(100,10000) -> 7785
A18: 15 | C18: 收入15 | E18: =RANDBETWEEN(100,10000) -> 7944 | H18: 15 | J18: 支出15 | L18: =RANDBETWEEN(100,10000) -> 8043
A19: 16 | C19: 收入16 | E19: =RANDBETWEEN(100,10000) -> 7416 | H19: 16 | J19: 支出16 | L19: =RANDBETWEEN(100,10000) -> 7760
... A27: 24 | C27: 收入24 | E27: =RANDBETWEEN(100,10000) -> 591 | H27: 24 | J27: 支出24 | L27: =RANDBETWEEN(100,10000) -> 658

Sheet 3月
A1: 3月份收支明细
A2: 收入明细 | H2: 支出明细 | N2: 收入合计
A3: 序号 | B3: 时间 | C3: 收入 | D3: 摘要 | E3: 金额 | F3: 备注 | H3: 序号 | I3: 时间 | J3: 支出 | K3: 摘要 | L3: 金额 | M3: 备注
A4: 1 | C4: 收入1 | E4: =RANDBETWEEN(100,10000) -> 2917 | H4: 1 | J4: 支出1 | L4: =RANDBETWEEN(100,10000) -> 1587 | N4: =SUM(E:E) -> 100041
A5: 2 | C5: 收入2 | E5: =RANDBETWEEN(100,10000) -> 2079 | H5: 2 | J5: 支出2 | L5: =RANDBETWEEN(100,10000) -> 5202
A6: 3 | C6: 收入3 | E6: =RANDBETWEEN(100,10000) -> 4163 | H6: 3 | J6: 支出3 | L6: =RANDBETWEEN(100,10000) -> 2825 | N6: 支出合计
A7: 4 | C7: 收入4 | E7: =RANDBETWEEN(100,10000) -> 2493 | H7: 4 | J7: 支出4 | L7: =RANDBETWEEN(100,10000) -> 1235 | N7: =SUM(L:L) -> 118861
A8: 5 | C8: 收入5 | E8: =RANDBETWEEN(100,10000) -> 8334 | H8: 5 | J8: 支出5 | L8: =RANDBETWEEN(100,10000) -> 6490
A9: 6 | C9: 收入6 | E9: =RANDBETWEEN(100,10000) -> 608 | H9: 6 | J9: 支出6 | L9: =RANDBETWEEN(100,10000) -> 8185
A10: 7 | C10: 收入7 | E10: =RANDBETWEEN(100,10000) -> 3498 | H10: 7 | J10: 支出7 | L10: =RANDBETWEEN(100,10000) -> 750
A11: 8 | C11: 收入8 | E11: =RANDBETWEEN(100,10000) -> 2567 | H11: 8 | J11: 支出8 | L11: =RANDBETWEEN(100,10000) -> 238
A12: 9 | C12: 收入9 | E12: =RANDBETWEEN(100,10000) -> 987 | H12: 9 | J12: 支出9 | L12: =RANDBETWEEN(100,10000) -> 8285
A13: 10 | C13: 收入10 | E13: =RANDBETWEEN(100,10000) -> 3167 | H13: 10 | J13: 支出10 | L13: =RANDBETWEEN(100,10000) -> 2710
A14: 11 | C14: 收入11 | E14: =RANDBETWEEN(100,10000) -> 962 | H14: 11 | J14: 支出11 | L14: =RANDBETWEEN(100,10000) -> 703
A15: 12 | C15: 收入12 | E15: =RANDBETWEEN(100,10000) -> 2523 | H15: 12 | J15: 支出12 | L15: =RANDBETWEEN(100,10000) -> 5105
A16: 13 | C16: 收入13 | E16: =RANDBETWEEN(100,10000) -> 8227 | H16: 13 | J16: 支出13 | L16: =RANDBETWEEN(100,10000) -> 8723
A17: 14 | C17: 收入14 | E17: =RANDBETWEEN(100,10000) -> 3540 | H17: 14 | J17: 支出14 | L17: =RANDBETWEEN(100,10000) -> 8677
A18: 15 | C18: 收入15 | E18: =RANDBETWEEN(100,10000) -> 6137 | H18: 15 | J18: 支出15 | L18: =RANDBETWEEN(100,10000) -> 9132
A19: 16 | C19: 收入16 | E19: =RANDBETWEEN(100,10000) -> 9534 | H19: 16 | J19: 支出16 | L19: =RANDBETWEEN(100,10000) -> 3814
... A27: 24 | C27: 收入24 | E27: =RANDBETWEEN(100,10000) -> 2467 | H27: 24 | J27: 支出24 | L27: =RANDBETWEEN(100,10000) -> 8888

Sheet 4月
A1: 4月份收支明细
A2: 收入明细 | H2: 支出明细 | N2: 收入合计
A3: 序号 | B3: 时间 | C3: 收入 | D3: 摘要 | E3: 金额 | F3: 备注 | H3: 序号 | I3: 时间 | J3: 支出 | K3: 摘要 | L3: 金额 | M3: 备注
A4: 1 | C4: 收入1 | E4: =RANDBETWEEN(100,10000) -> 2447 | H4: 1 | J4: 支出1 | L4: =RANDBETWEEN(100,10000) -> 6730 | N4: =SUM(E:E) -> 128742
A5: 2 | C5: 收入2 | E5: =RANDBETWEEN(100,10000) -> 2648 | H5: 2 | J5: 支出2 | L5: =RANDBETWEEN(100,10000) -> 7820
A6: 3 | C6: 收入3 | E6: =RANDBETWEEN(100,10000) -> 2131 | H6: 3 | J6: 支出3 | L6: =RANDBETWEEN(100,10000) -> 7856 | N6: 支出合计
A7: 4 | C7: 收入4 | E7: =RANDBETWEEN(100,10000) -> 8819 | H7: 4 | J7: 支出4 | L7: =RANDBETWEEN(100,10000) -> 7629 | N7: =SUM(L:L) -> 148604
A8: 5 | C8: 收入5 | E8: =RANDBETWEEN(100,10000) -> 7584 | H8: 5 | J8: 支出5 | L8: =RANDBETWEEN(100,10000) -> 5028
A9: 6 | C9: 收入6 | E9: =RANDBETWEEN(100,10000) -> 8907 | H9: 6 | J9: 支出6 | L9: =RANDBETWEEN(100,10000) -> 3809
A10: 7 | C10: 收入7 | E10: =RANDBETWEEN(100,10000) -> 7619 | H10: 7 | J10: 支出7 | L10: =RANDBETWEEN(100,10000) -> 2528
A11: 8 | C11: 收入8 | E11: =RANDBETWEEN(100,10000) -> 6996 | H11: 8 | J11: 支出8 | L11: =RANDBETWEEN(100,10000) -> 6042
A12: 9 | C12: 收入9 | E12: =RANDBETWEEN(100,10000) -> 971 | H12: 9 | J12: 支出9 | L12: =RANDBETWEEN(100,10000) -> 8657
A13: 10 | C13: 收入10 | E13: =RANDBETWEEN(100,10000) -> 5109 | H13: 10 | J13: 支出10 | L13: =RANDBETWEEN(100,10000) -> 4294
A14: 11 | C14: 收入11 | E14: =RANDBETWEEN(100,10000) -> 3085 | H14: 11 | J14: 支出11 | L14: =RANDBETWEEN(100,10000) -> 8365
A15: 12 | C15: 收入12 | E15: =RANDBETWEEN(100,10000) -> 1915 | H15: 12 | J15: 支出12 | L15: =RANDBETWEEN(100,10000) -> 8776
A16: 13 | C16: 收入13 | E16: =RANDBETWEEN(100,10000) -> 4472 | H16: 13 | J16: 支出13 | L16: =RANDBETWEEN(100,10000) -> 8872
A17: 14 | C17: 收入14 | E17: =RANDBETWEEN(100,10000) -> 5034 | H17: 14 | J17: 支出14 | L17: =RANDBETWEEN(100,10000) -> 1227
A18: 15 | C18: 收入15 | E18: =RANDBETWEEN(100,10000) -> 7337 | H18: 15 | J18: 支出15 | L18: =RANDBETWEEN(100,10000) -> 6538
A19: 16 | C19: 收入16 | E19: =RANDBETWEEN(100,10000) -> 7462 | H19: 16 | J19: 支出16 | L19: =RANDBETWEEN(100,10000) -> 3632
... A27: 24 | C27: 收入24 | E27: =RANDBETWEEN(100,10000) -> 8154 | H27: 24 | J27: 支出24 | L27: =RANDBETWEEN(100,10000) -> 6481

Sheet 5月
A1: 5月份收支明细
A2: 收入明细 | H2: 支出明细 | N2: 收入合计
A3: 序号 | B3: 时间 | C3: 收入 | D3: 摘要 | E3: 金额 | F3: 备注 | H3: 序号 | I3: 时间 | J3: 支出 | K3: 摘要 | L3: 金额 | M3: 备注
A4: 1 | C4: 收入1 | E4: =RANDBETWEEN(100,10000) -> 2956 | H4: 1 | J4: 支出1 | L4: =RANDBETWEEN(100,10000) -> 3241 | N4: =SUM(E:E) -> 112788
A5: 2 | C5: 收入2 | E5: =RANDBETWEEN(100,10000) -> 7108 | H5: 2 | J5: 支出2 | L5: =RANDBETWEEN(100,10000) -> 4111
A6: 3 | C6: 收入3 | E6: =RANDBETWEEN(100,10000) -> 5624 | H6: 3 | J6: 支出3 | L6: =RANDBETWEEN(100,10000) -> 9440 | N6: 支出合计
A7: 4 | C7: 收入4 | E7: =RANDBETWEEN(100,10000) -> 3903 | H7: 4 | J7: 支出4 | L7: =RANDBETWEEN(100,10000) -> 2822 | N7: =SUM(L:L) -> 118029
A8: 5 | C8: 收入5 | E8: =RANDBETWEEN(100,10000) -> 3444 | H8: 5 | J8: 支出5 | L8: =RANDBETWEEN(100,10000) -> 9108
A9: 6 | C9: 收入6 | E9: =RANDBETWEEN(100,10000) -> 9710 | H9: 6 | J9: 支出6 | L9: =RANDBETWEEN(100,10000) -> 3273
A10: 7 | C10: 收入7 | E10: =RANDBETWEEN(100,10000) -> 7600 | H10: 7 | J10: 支出7 | L10: =RANDBETWEEN(100,10000) -> 8012
A11: 8 | C11: 收入8 | E11: =RANDBETWEEN(100,10000) -> 2731 | H11: 8 | J11: 支出8 | L11: =RANDBETWEEN(100,10000) -> 5289
A12: 9 | C12: 收入9 | E12: =RANDBETWEEN(100,10000) -> 4945 | H12: 9 | J12: 支出9 | L12: =RANDBETWEEN(100,10000) -> 975
A13: 10 | C13: 收入10 | E13: =RANDBETWEEN(100,10000) -> 6711 | H13: 10 | J13: 支出10 | L13: =RANDBETWEEN(100,10000) -> 1414
A14: 11 | C14: 收入11 | E14: =RANDBETWEEN(100,10000) -> 748 | H14: 11 | J14: 支出11 | L14: =RANDBETWEEN(100,10000) -> 5727
A15: 12 | C15: 收入12 | E15: =RANDBETWEEN(100,10000) -> 560 | H15: 12 | J15: 支出12 | L15: =RANDBETWEEN(100,10000) -> 1647
A16: 13 | C16: 收入13 | E16: =RANDBETWEEN(100,10000) -> 2097 | H16: 13 | J16: 支出13 | L16: =RANDBETWEEN(100,10000) -> 3824
A17: 14 | C17: 收入14 | E17: =RANDBETWEEN(100,10000) -> 8781 | H17: 14 | J17: 支出14 | L17: =RANDBETWEEN(100,10000) -> 8630
A18: 15 | C18: 收入15 | E18: =RANDBETWEEN(100,10000) -> 1238 | H18: 15 | J18: 支出15 | L18: =RANDBETWEEN(100,10000) -> 6184
A19: 16 | C19: 收入16 | E19: =RANDBETWEEN(100,10000) -> 1374 | H19: 16 | J19: 支出16 | L19: =RANDBETWEEN(100,10000) -> 1464
... A27: 24 | C27: 收入24 | E27: =RANDBETWEEN(100,10000) -> 5843 | H27: 24 | J27: 支出24 | L27: =RANDBETWEEN(100,10000) -> 2148

Sheet 6月
A1: 6月份收支明细
A2: 收入明细 | H2: 支出明细 | N2: 收入合计
A3: 序号 | B3: 时间 | C3: 收入 | D3: 摘要 | E3: 金额 | F3: 备注 | H3: 序号 | I3: 时间 | J3: 支出 | K3: 摘要 | L3: 金额 | M3: 备注
A4: 1 | C4: 收入1 | E4: =RANDBETWEEN(100,10000) -> 2139 | H4: 1 | J4: 支出1 | L4: =RANDBETWEEN(100,10000) -> 9609 | N4: =SUM(E:E) -> 144646
A5: 2 | C5: 收入2 | E5: =RANDBETWEEN(100,10000) -> 6794 | H5: 2 | J5: 支出2 | L5: =RANDBETWEEN(100,10000) -> 4090
A6: 3 | C6: 收入3 | E6: =RANDBETWEEN(100,10000) -> 7774 | H6: 3 | J6: 支出3 | L6: =RANDBETWEEN(100,10000) -> 1655 | N6: 支出合计
A7: 4 | C7: 收入4 | E7: =RANDBETWEEN(100,10000) -> 5820 | H7: 4 | J7: 支出4 | L7: =RANDBETWEEN(100,10000) -> 4816 | N7: =SUM(L:L) -> 122856
A8: 5 | C8: 收入5 | E8: =RANDBETWEEN(100,10000) -> 3706 | H8: 5 | J8: 支出5 | L8: =RANDBETWEEN(100,10000) -> 4798
A9: 6 | C9: 收入6 | E9: =RANDBETWEEN(100,10000) -> 6801 | H9: 6 | J9: 支出6 | L9: =RANDBETWEEN(100,10000) -> 6999
A10: 7 | C10: 收入7 | E10: =RANDBETWEEN(100,10000) -> 1892 | H10: 7 | J10: 支出7 | L10: =RANDBETWEEN(100,10000) -> 6950
A11: 8 | C11: 收入8 | E11: =RANDBETWEEN(100,10000) -> 4020 | H11: 8 | J11: 支出8 | L11: =RANDBETWEEN(100,10000) -> 4855
A12: 9 | C12: 收入9 | E12: =RANDBETWEEN(100,10000) -> 8018 | H12: 9 | J12: 支出9 | L12: =RANDBETWEEN(100,10000) -> 2205
A13: 10 | C13: 收入10 | E13: =RANDBETWEEN(100,10000) -> 9989 | H13: 10 | J13: 支出10 | L13: =RANDBETWEEN(100,10000) -> 4632
A14: 11 | C14: 收入11 | E14: =RANDBETWEEN(100,10000) -> 9289 | H14: 11 | J14: 支出11 | L14: =RANDBETWEEN(100,10000) -> 7444
A15: 12 | C15: 收入12 | E15: =RANDBETWEEN(100,10000) -> 9170 | H15: 12 | J15: 支出12 | L15: =RANDBETWEEN(100,10000) -> 6682
A16: 13 | C16: 收入13 | E16: =RANDBETWEEN(100,10000) -> 620 | H16: 13 | J16: 支出13 | L16: =RANDBETWEEN(100,10000) -> 7998
A17: 14 | C17: 收入14 | E17: =RANDBETWEEN(100,10000) -> 9078 | H17: 14 | J17: 支出14 | L17: =RANDBETWEEN(100,10000) -> 5931
A18: 15 | C18: 收入15 | E18: =RANDBETWEEN(100,10000) -> 3403 | H18: 15 | J18: 支出15 | L18: =RANDBETWEEN(100,10000) -> 3436
A19: 16 | C19: 收入16 | E19: =RANDBETWEEN(100,10000) -> 9696 | H19: 16 | J19: 支出16 | L19: =RANDBETWEEN(100,10000) -> 3457
... A27: 24 | C27: 收入24 | E27: =RANDBETWEEN(100,10000) -> 7384 | H27: 24 | J27: 支出24 | L27: =RANDBETWEEN(100,10000) -> 807

Sheet 7月
A1: 7月份收支明细
A2: 收入明细 | H2: 支出明细 | N2: 收入合计
A3: 序号 | B3: 时间 | C3: 收入 | D3: 摘要 | E3: 金额 | F3: 备注 | H3: 序号 | I3: 时间 | J3: 支出 | K3: 摘要 | L3: 金额 | M3: 备注
A4: 1 | C4: 收入1 | E4: =RANDBETWEEN(100,10000) -> 2127 | H4: 1 | J4: 支出1 | L4: =RANDBETWEEN(100,10000) -> 8213 | N4: =SUM(E:E) -> 120111
A5: 2 | C5: 收入2 | E5: =RANDBETWEEN(100,10000) -> 4471 | H5: 2 | J5: 支出2 | L5: =RANDBETWEEN(100,10000) -> 5016
A6: 3 | C6: 收入3 | E6: =RANDBETWEEN(100,10000) -> 499 | H6: 3 | J6: 支出3 | L6: =RANDBETWEEN(100,10000) -> 9510 | N6: 支出合计
A7: 4 | C7: 收入4 | E7: =RANDBETWEEN(100,10000) -> 6641 | H7: 4 | J7: 支出4 | L7: =RANDBETWEEN(100,10000) -> 5811 | N7: =SUM(L:L) -> 122653
A8: 5 | C8: 收入5 | E8: =RANDBETWEEN(100,10000) -> 8290 | H8: 5 | J8: 支出5 | L8: =RANDBETWEEN(100,10000) -> 885
A9: 6 | C9: 收入6 | E9: =RANDBETWEEN(100,10000) -> 7782 | H9: 6 | J9: 支出6 | L9: =RANDBETWEEN(100,10000) -> 1278
A10: 7 | C10: 收入7 | E10: =RANDBETWEEN(100,10000) -> 1407 | H10: 7 | J10: 支出7 | L10: =RANDBETWEEN(100,10000) -> 7819
A11: 8 | C11: 收入8 | E11: =RANDBETWEEN(100,10000) -> 7561 | H11: 8 | J11: 支出8 | L11: =RANDBETWEEN(100,10000) -> 3851
A12: 9 | C12: 收入9 | E12: =RANDBETWEEN(100,10000) -> 8963 | H12: 9 | J12: 支出9 | L12: =RANDBETWEEN(100,10000) -> 4855
A13: 10 | C13: 收入10 | E13: =RANDBETWEEN(100,10000) -> 6271 | H13: 10 | J13: 支出10 | L13: =RANDBETWEEN(100,10000) -> 2633
A14: 11 | C14: 收入11 | E14: =RANDBETWEEN(100,10000) -> 464 | H14: 11 | J14: 支出11 | L14: =RANDBETWEEN(100,10000) -> 3678
A15: 12 | C15: 收入12 | E15: =RANDBETWEEN(100,10000) -> 919 | H15: 12 | J15: 支出12 | L15: =RANDBETWEEN(100,10000) -> 7798
A16: 13 | C16: 收入13 | E16: =RANDBETWEEN(100,10000) -> 7447 | H16: 13 | J16: 支出13 | L16: =RANDBETWEEN(100,10000) -> 1390
A17: 14 | C17: 收入14 | E17: =RANDBETWEEN(100,10000) -> 8595 | H17: 14 | J17: 支出14 | L17: =RANDBETWEEN(100,10000) -> 8513
A18: 15 | C18: 收入15 | E18: =RANDBETWEEN(100,10000) -> 7800 | H18: 15 | J18: 支出15 | L18: =RANDBETWEEN(100,10000) -> 8905
A19: 16 | C19: 收入16 | E19: =RANDBETWEEN(100,10000) -> 2175 | H19: 16 | J19: 支出16 | L19: =RANDBETWEEN(100,10000) -> 7957
... A27: 24 | C27: 收入24 | E27: =RANDBETWEEN(100,10000) -> 3479 | H27: 24 | J27: 支出24 | L27: =RANDBETWEEN(100,10000) -> 7561

Sheet 8月
A1: 8月份收支明细
A2: 收入明细 | H2: 支出明细 | N2: 收入合计
A3: 序号 | B3: 时间 | C3: 收入 | D3: 摘要 | E3: 金额 | F3: 备注 | H3: 序号 | I3: 时间 | J3: 支出 | K3: 摘要 | L3: 金额 | M3: 备注
A4: 1 | C4: 收入1 | E4: =RANDBETWEEN(100,10000) -> 9474 | H4: 1 | J4: 支出1 | L4: =RANDBETWEEN(100,10000) -> 9691 | N4: =SUM(E:E) -> 119587
A5: 2 | C5: 收入2 | E5: =RANDBETWEEN(100,10000) -> 8451 | H5: 2 | J5: 支出2 | L5: =RANDBETWEEN(100,10000) -> 3252
A6: 3 | C6: 收入3 | E6: =RANDBETWEEN(100,10000) -> 1481 | H6: 3 | J6: 支出3 | L6: =RANDBETWEEN(100,10000) -> 8307 | N6: 支出合计
A7: 4 | C7: 收入4 | E7: =RANDBETWEEN(100,10000) -> 7168 | H7: 4 | J7: 支出4 | L7: =RANDBETWEEN(100,10000) -> 3184 | N7: =SUM(L:L) -> 112570
A8: 5 | C8: 收入5 | E8: =RANDBETWEEN(100,10000) -> 8905 | H8: 5 | J8: 支出5 | L8: =RANDBETWEEN(100,10000) -> 7782
A9: 6 | C9: 收入6 | E9: =RANDBETWEEN(100,10000) -> 8726 | H9: 6 | J9: 支出6 | L9: =RANDBETWEEN(100,10000) -> 687
A10: 7 | C10: 收入7 | E10: =RANDBETWEEN(100,10000) -> 9981 | H10: 7 | J10: 支出7 | L10: =RANDBETWEEN(100,10000) -> 624
A11: 8 | C11: 收入8 | E11: =RANDBETWEEN(100,10000) -> 3122 | H11: 8 | J11: 支出8 | L11: =RANDBETWEEN(100,10000) -> 2122
A12: 9 | C12: 收入9 | E12: =RANDBETWEEN(100,10000) -> 4060 | H12: 9 | J12: 支出9 | L12: =RANDBETWEEN(100,10000) -> 2375
A13: 10 | C13: 收入10 | E13: =RANDBETWEEN(100,10000) -> 3450 | H13: 10 | J13: 支出10 | L13: =RANDBETWEEN(100,10000) -> 6940
A14: 11 | C14: 收入11 | E14: =RANDBETWEEN(100,10000) -> 948 | H14: 11 | J14: 支出11 | L14: =RANDBETWEEN(100,10000) -> 5635
A15: 12 | C15: 收入12 | E15: =RANDBETWEEN(100,10000) -> 2719 | H15: 12 | J15: 支出12 | L15: =RANDBETWEEN(100,10000) -> 9158
A16: 13 | C16: 收入13 | E16: =RANDBETWEEN(100,10000) -> 3476 | H16: 13 | J16: 支出13 | L16: =RANDBETWEEN(100,10000) -> 2590
A17: 14 | C17: 收入14 | E17: =RANDBETWEEN(100,10000) -> 5242 | H17: 14 | J17: 支出14 | L17: =RANDBETWEEN(100,10000) -> 1244
A18: 15 | C18: 收入15 | E18: =RANDBETWEEN(100,10000) -> 1754 | H18: 15 | J18: 支出15 | L18: =RANDBETWEEN(100,10000) -> 1441
A19: 16 | C19: 收入16 | E19: =RANDBETWEEN(100,10000) -> 377 | H19: 16 | J19: 支出16 | L19: =RANDBETWEEN(100,10000) -> 4126
... A27: 24 | C27: 收入24 | E27: =RANDBETWEEN(100,10000) -> 4242 | H27: 24 | J27: 支出24 | L27: =RANDBETWEEN(100,10000) -> 3793

Sheet 9月
A1: 9月份收支明细
A2: 收入明细 | H2: 支出明细 | N2: 收入合计
A3: 序号 | B3: 时间 | C3: 收入 | D3: 摘要 | E3: 金额 | F3: 备注 | H3: 序号 | I3: 时间 | J3: 支出 | K3: 摘要 | L3: 金额 | M3: 备注
A4: 1 | C4: 收入1 | E4: =RANDBETWEEN(100,10000) -> 189 | H4: 1 | J4: 支出1 | L4: =RANDBETWEEN(100,10000) -> 6382 | N4: =SUM(E:E) -> 104942
A5: 2 | C5: 收入2 | E5: =RANDBETWEEN(100,10000) -> 5650 | H5: 2 | J5: 支出2 | L5: =RANDBETWEEN(100,10000) -> 6757
A6: 3 | C6: 收入3 | E6: =RANDBETWEEN(100,10000) -> 2339 | H6: 3 | J6: 支出3 | L6: =RANDBETWEEN(100,10000) -> 5160 | N6: 支出合计
A7: 4 | C7: 收入4 | E7: =RANDBETWEEN(100,10000) -> 1296 | H7: 4 | J7: 支出4 | L7: =RANDBETWEEN(100,10000) -> 3152 | N7: =SUM(L:L) -> 113276
A8: 5 | C8: 收入5 | E8: =RANDBETWEEN(100,10000) -> 4005 | H8: 5 | J8: 支出5 | L8: =RANDBETWEEN(100,10000) -> 346
A9: 6 | C9: 收入6 | E9: =RANDBETWEEN(100,10000) -> 3799 | H9: 6 | J9: 支出6 | L9: =RANDBETWEEN(100,10000) -> 4873
A10: 7 | C10: 收入7 | E10: =RANDBETWEEN(100,10000) -> 2208 | H10: 7 | J10: 支出7 | L10: =RANDBETWEEN(100,10000) -> 6818
A11: 8 | C11: 收入8 | E11: =RANDBETWEEN(100,10000) -> 3809 | H11: 8 | J11: 支出8 | L11: =RANDBETWEEN(100,10000) -> 8269
A12: 9 | C12: 收入9 | E12: =RANDBETWEEN(100,10000) -> 972 | H12: 9 | J12: 支出9 | L12: =RANDBETWEEN(100,10000) -> 2537
A13: 10 | C13: 收入10 | E13: =RANDBETWEEN(100,10000) -> 9885 | H13: 10 | J13: 支出10 | L13: =RANDBETWEEN(100,10000) -> 6356
A14: 11 | C14: 收入11 | E14: =RANDBETWEEN(100,10000) -> 8402 | H14: 11 | J14: 支出11 | L14: =RANDBETWEEN(100,10000) -> 2054
A15: 12 | C15: 收入12 | E15: =RANDBETWEEN(100,10000) -> 4351 | H15: 12 | J15: 支出12 | L15: =RANDBETWEEN(100,10000) -> 4184
A16: 13 | C16: 收入13 | E16: =RANDBETWEEN(100,10000) -> 3211 | H16: 13 | J16: 支出13 | L16: =RANDBETWEEN(100,10000) -> 5658
A17: 14 | C17: 收入14 | E17: =RANDBETWEEN(100,10000) -> 631 | H17: 14 | J17: 支出14 | L17: =RANDBETWEEN(100,10000) -> 756
A18: 15 | C18: 收入15 | E18: =RANDBETWEEN(100,10000) -> 9046 | H18: 15 | J18: 支出15 | L18: =RANDBETWEEN(100,10000) -> 5343
A19: 16 | C19: 收入16 | E19: =RANDBETWEEN(100,10000) -> 8076 | H19: 16 | J19: 支出16 | L19: =RANDBETWEEN(100,10000) -> 6073
... A27: 24 | C27: 收入24 | E27: =RANDBETWEEN(100,10000) -> 2672 | H27: 24 | J27: 支出24 | L27: =RANDBETWEEN(100,10000) -> 3204

Sheet 10月
A1: 10月份收支明细
A2: 收入明细 | H2: 支出明细 | N2: 收入合计
A3: 序号 | B3: 时间 | C3: 收入 | D3: 摘要 | E3: 金额 | F3: 备注 | H3: 序号 | I3: 时间 | J3: 支出 | K3: 摘要 | L3: 金额 | M3: 备注
A4: 1 | C4: 收入1 | E4: =RANDBETWEEN(100,10000) -> 1325 | H4: 1 | J4: 支出1 | L4: =RANDBETWEEN(100,10000) -> 7854 | N4: =SUM(E:E) -> 131908
A5: 2 | C5: 收入2 | E5: =RANDBETWEEN(100,10000) -> 381 | H5: 2 | J5: 支出2 | L5: =RANDBETWEEN(100,10000) -> 707
A6: 3 | C6: 收入3 | E6: =RANDBETWEEN(100,10000) -> 5474 | H6: 3 | J6: 支出3 | L6: =RANDBETWEEN(100,10000) -> 6319 | N6: 支出合计
A7: 4 | C7: 收入4 | E7: =RANDBETWEEN(100,10000) -> 8618 | H7: 4 | J7: 支出4 | L7: =RANDBETWEEN(100,10000) -> 5540 | N7: =SUM(L:L) -> 118863
A8: 5 | C8: 收入5 | E8: =RANDBETWEEN(100,10000) -> 6092 | H8: 5 | J8: 支出5 | L8: =RANDBETWEEN(100,10000) -> 1157
A9: 6 | C9: 收入6 | E9: =RANDBETWEEN(100,10000) -> 7662 | H9: 6 | J9: 支出6 | L9: =RANDBETWEEN(100,10000) -> 8450
A10: 7 | C10: 收入7 | E10: =RANDBETWEEN(100,10000) -> 5225 | H10: 7 | J10: 支出7 | L10: =RANDBETWEEN(100,10000) -> 4803
A11: 8 | C11: 收入8 | E11: =RANDBETWEEN(100,10000) -> 7532 | H11: 8 | J11: 支出8 | L11: =RANDBETWEEN(100,10000) -> 8505
A12: 9 | C12: 收入9 | E12: =RANDBETWEEN(100,10000) -> 9610 | H12: 9 | J12: 支出9 | L12: =RANDBETWEEN(100,10000) -> 5303
A13: 10 | C13: 收入10 | E13: =RANDBETWEEN(100,10000) -> 3336 | H13: 10 | J13: 支出10 | L13: =RANDBETWEEN(100,10000) -> 7585
A14: 11 | C14: 收入11 | E14: =RANDBETWEEN(100,10000) -> 3373 | H14: 11 | J14: 支出11 | L14: =RANDBETWEEN(100,10000) -> 3980
A15: 12 | C15: 收入12 | E15: =RANDBETWEEN(100,10000) -> 1978 | H15: 12 | J15: 支出12 | L15: =RANDBETWEEN(100,10000) -> 3507
A16: 13 | C16: 收入13 | E16: =RANDBETWEEN(100,10000) -> 4885 | H16: 13 | J16: 支出13 | L16: =RANDBETWEEN(100,10000) -> 1288
A17: 14 | C17: 收入14 | E17: =RANDBETWEEN(100,10000) -> 4883 | H17: 14 | J17: 支出14 | L17: =RANDBETWEEN(100,10000) -> 2232
A18: 15 | C18: 收入15 | E18: =RANDBETWEEN(100,10000) -> 2959 | H18: 15 | J18: 支出15 | L18: =RANDBETWEEN(100,10000) -> 5263
A19: 16 | C19: 收入16 | E19: =RANDBETWEEN(100,10000) -> 6919 | H19: 16 | J19: 支出16 | L19: =RANDBETWEEN(100,10000) -> 6658
... A27: 24 | C27: 收入24 | E27: =RANDBETWEEN(100,10000) -> 6368 | H27: 24 | J27: 支出24 | L27: =RANDBETWEEN(100,10000) -> 6780

Sheet 11月
A1: 11月份收支明细
A2: 收入明细 | H2: 支出明细 | N2: 收入合计
A3: 序号 | B3: 时间 | C3: 收入 | D3: 摘要 | E3: 金额 | F3: 备注 | H3: 序号 | I3: 时间 | J3: 支出 | K3: 摘要 | L3: 金额 | M3: 备注
A4: 1 | C4: 收入1 | E4: =RANDBETWEEN(100,10000) -> 7671 | H4: 1 | J4: 支出1 | L4: =RANDBETWEEN(100,10000) -> 8777 | N4: =SUM(E:E) -> 114367
A5: 2 | C5: 收入2 | E5: =RANDBETWEEN(100,10000) -> 9680 | H5: 2 | J5: 支出2 | L5: =RANDBETWEEN(100,10000) -> 2073
A6: 3 | C6: 收入3 | E6: =RANDBETWEEN(100,10000) -> 7270 | H6: 3 | J6: 支出3 | L6: =RANDBETWEEN(100,10000) -> 6933 | N6: 支出合计
A7: 4 | C7: 收入4 | E7: =RANDBETWEEN(100,10000) -> 3467 | H7: 4 | J7: 支出4 | L7: =RANDBETWEEN(100,10000) -> 9773 | N7: =SUM(L:L) -> 111507
A8: 5 | C8: 收入5 | E8: =RANDBETWEEN(100,10000) -> 9224 | H8: 5 | J8: 支出5 | L8: =RANDBETWEEN(100,10000) -> 1298
A9: 6 | C9: 收入6 | E9: =RANDBETWEEN(100,10000) -> 4371 | H9: 6 | J9: 支出6 | L9: =RANDBETWEEN(100,10000) -> 4564
A10: 7 | C10: 收入7 | E10: =RANDBETWEEN(100,10000) -> 6614 | H10: 7 | J10: 支出7 | L10: =RANDBETWEEN(100,10000) -> 6908
A11: 8 | C11: 收入8 | E11: =RANDBETWEEN(100,10000) -> 3451 | H11: 8 | J11: 支出8 | L11: =RANDBETWEEN(100,10000) -> 5462
A12: 9 | C12: 收入9 | E12: =RANDBETWEEN(100,10000) -> 248 | H12: 9 | J12: 支出9 | L12: =RANDBETWEEN(100,10000) -> 2407
A13: 10 | C13: 收入10 | E13: =RANDBETWEEN(100,10000) -> 608 | H13: 10 | J13: 支出10 | L13: =RANDBETWEEN(100,10000) -> 4254
A14: 11 | C14: 收入11 | E14: =RANDBETWEEN(100,10000) -> 2510 | H14: 11 | J14: 支出11 | L14: =RANDBETWEEN(100,10000) -> 4978
A15: 12 | C15: 收入12 | E15: =RANDBETWEEN(100,10000) -> 7980 | H15: 12 | J15: 支出12 | L15: =RANDBETWEEN(100,10000) -> 7981
A16: 13 | C16: 收入13 | E16: =RANDBETWEEN(100,10000) -> 1838 | H16: 13 | J16: 支出13 | L16: =RANDBETWEEN(100,10000) -> 4818
A17: 14 | C17: 收入14 | E17: =RANDBETWEEN(100,10000) -> 8401 | H17: 14 | J17: 支出14 | L17: =RANDBETWEEN(100,10000) -> 4309
A18: 15 | C18: 收入15 | E18: =RANDBETWEEN(100,10000) -> 9047 | H18: 15 | J18: 支出15 | L18: =RANDBETWEEN(100,10000) -> 1545
A19: 16 | C19: 收入16 | E19: =RANDBETWEEN(100,10000) -> 6178 | H19: 16 | J19: 支出16 | L19: =RANDBETWEEN(100,10000) -> 6308
... A27: 24 | C27: 收入24 | E27: =RANDBETWEEN(100,10000) -> 3217 | H27: 24 | J27: 支出24 | L27: =RANDBETWEEN(100,10000) -> 4149

Sheet 12月
A1: 12月份收支明细
A2: 收入明细 | H2: 支出明细 | N2: 收入合计
A3: 序号 | B3: 时间 | C3: 收入 | D3: 摘要 | E3: 金额 | F3: 备注 | H3: 序号 | I3: 时间 | J3: 支出 | K3: 摘要 | L3: 金额 | M3: 备注
A4: 1 | C4: 收入1 | E4: =RANDBETWEEN(100,10000) -> 5325 | H4: 1 | J4: 支出1 | L4: =RANDBETWEEN(100,10000) -> 1881 | N4: =SUM(E:E) -> 132516
A5: 2 | C5: 收入2 | E5: =RANDBETWEEN(100,10000) -> 9724 | H5: 2 | J5: 支出2 | L5: =RANDBETWEEN(100,10000) -> 408
A6: 3 | C6: 收入3 | E6: =RANDBETWEEN(100,10000) -> 9342 | H6: 3 | J6: 支出3 | L6: =RANDBETWEEN(100,10000) -> 3047 | N6: 支出合计
A7: 4 | C7: 收入4 | E7: =RANDBETWEEN(100,10000) -> 6385 | H7: 4 | J7: 支出4 | L7: =RANDBETWEEN(100,10000) -> 9083 | N7: =SUM(L:L) -> 108373
A8: 5 | C8: 收入5 | E8: =RANDBETWEEN(100,10000) -> 839 | H8: 5 | J8: 支出5 | L8: =RANDBETWEEN(100,10000) -> 9033
A9: 6 | C9: 收入6 | E9: =RANDBETWEEN(100,10000) -> 238 | H9: 6 | J9: 支出6 | L9: =RANDBETWEEN(100,10000) -> 6617
A10: 7 | C10: 收入7 | E10: =RANDBETWEEN(100,10000) -> 851 | H10: 7 | J10: 支出7 | L10: =RANDBETWEEN(100,10000) -> 9452
A11: 8 | C11: 收入8 | E11: =RANDBETWEEN(100,10000) -> 5698 | H11: 8 | J11: 支出8 | L11: =RANDBETWEEN(100,10000) -> 1954
A12: 9 | C12: 收入9 | E12: =RANDBETWEEN(100,10000) -> 5520 | H12: 9 | J12: 支出9 | L12: =RANDBETWEEN(100,10000) -> 9313
A13: 10 | C13: 收入10 | E13: =RANDBETWEEN(100,10000) -> 7037 | H13: 10 | J13: 支出10 | L13: =RANDBETWEEN(100,10000) -> 1603
A14: 11 | C14: 收入11 | E14: =RANDBETWEEN(100,10000) -> 523 | H14: 11 | J14: 支出11 | L14: =RANDBETWEEN(100,10000) -> 2343
A15: 12 | C15: 收入12 | E15: =RANDBETWEEN(100,10000) -> 5053 | H15: 12 | J15: 支出12 | L15: =RANDBETWEEN(100,10000) -> 1934
A16: 13 | C16: 收入13 | E16: =RANDBETWEEN(100,10000) -> 9159 | H16: 13 | J16: 支出13 | L16: =RANDBETWEEN(100,10000) -> 8707
A17: 14 | C17: 收入14 | E17: =RANDBETWEEN(100,10000) -> 5351 | H17: 14 | J17: 支出14 | L17: =RANDBETWEEN(100,10000) -> 3833
A18: 15 | C18: 收入15 | E18: =RANDBETWEEN(100,10000) -> 7198 | H18: 15 | J18: 支出15 | L18: =RANDBETWEEN(100,10000) -> 2382
A19: 16 | C19: 收入16 | E19: =RANDBETWEEN(100,10000) -> 9723 | H19: 16 | J19: 支出16 | L19: =RANDBETWEEN(100,10000) -> 914
... A27: 24 | C27: 收入24 | E27: =RANDBETWEEN(100,10000) -> 8482 | H27: 24 | J27: 支出24 | L27: =RANDBETWEEN(100,10000) -> 9743
