Workbook

Sheet Sheet1
B2: 销售分析报表
B4: 月份 | C4: 组别 | D4: 目标 | E4: 完成 | F4: 完成率 | G4: 单组排名 | H4: 月度销量 | I4: 月排名 | Q4: 四季度 | R4: A组 | S4: B组 | T4: C组 | U4: 小计 | V4: 平均值
B5: 10月 | C5: A组 | D5: 5000 | E5: =RANDBETWEEN(3000,8000) -> 6075 | F5: =E5/D5 -> 1.215 | G5: =RANK(F5,F5:F7) -> 1 | H5: =SUM(E5:E7) -> 18479 | I5: =RANK(H5,H5:H13) -> 1 | Q5: 业务员1 | R5: =RANDBETWEEN(150,800) -> 203 | S5: =RANDBETWEEN(150,800) -> 434 | T5: =RANDBETWEEN(150,800) -> 739 | U5: =SUM(R5:T5) -> 1376 | V5: =AVERAGE(R5:T5) -> 458.66667
C6: B组 | D6: 8000 | E6: =RANDBETWEEN(3000,8000) -> 7167 | F6: =E6/D6 -> 0.895875 | G6: =RANK(F6,F5:F7) -> 2 | Q6: 业务员2 | R6: =RANDBETWEEN(150,800) -> 244 | S6: =RANDBETWEEN(150,800) -> 343 | T6: =RANDBETWEEN(150,800) -> 679 | U6: =SUM(R6:T6) -> 1266 | V6: =AVERAGE(R6:T6) -> 422
C7: C组 | D7: 6000 | E7: =RANDBETWEEN(3000,8000) -> 5237 | F7: =E7/D7 -> 0.87283333 | G7: =RANK(F7,F5:F7) -> 3 | Q7: 业务员3 | R7: =RANDBETWEEN(150,800) -> 338 | S7: =RANDBETWEEN(150,800) -> 407 | T7: =RANDBETWEEN(150,800) -> 693 | U7: =SUM(R7:T7) -> 1438 | V7: =AVERAGE(R7:T7) -> 479.33333 | AM7: =B5 -> 10月 | AN7: =H5 -> 18479
B8: 11月 | C8: A组 | D8: 4200 | E8: =RANDBETWEEN(3000,8000) -> 4336 | F8: =E8/D8 -> 1.032381 | G8: =RANK(F8,F8:F10) -> 3 | H8: =SUM(E8:E10) -> 15783 | I8: =RANK(H8,H5:H13) -> 3 | Q8: 业务员4 | R8: =RANDBETWEEN(150,800) -> 302 | S8: =RANDBETWEEN(150,800) -> 560 | T8: =RANDBETWEEN(150,800) -> 513 | U8: =SUM(R8:T8) -> 1375 | V8: =AVERAGE(R8:T8) -> 458.33333
C9: B组 | D9: 3600 | E9: =RANDBETWEEN(3000,8000) -> 3788 | F9: =E9/D9 -> 1.0522222 | G9: =RANK(F9,F8:F10) -> 2 | Q9: 业务员5 | R9: =RANDBETWEEN(150,800) -> 573 | S9: =RANDBETWEEN(150,800) -> 769 | T9: =RANDBETWEEN(150,800) -> 306 | U9: =SUM(R9:T9) -> 1648 | V9: =AVERAGE(R9:T9) -> 549.33333
C10: C组 | D10: 5500 | E10: =RANDBETWEEN(3000,8000) -> 7659 | F10: =E10/D10 -> 1.3925455 | G10: =RANK(F10,F8:F10) -> 1 | Q10: 业务员6 | R10: =RANDBETWEEN(150,800) -> 263 | S10: =RANDBETWEEN(150,800) -> 551 | T10: =RANDBETWEEN(150,800) -> 491 | U10: =SUM(R10:T10) -> 1305 | V10: =AVERAGE(R10:T10) -> 435
B11: 12月 | C11: A组 | D11: 5400 | E11: =RANDBETWEEN(3000,8000) -> 3696 | F11: =E11/D11 -> 0.68444444 | G11: =RANK(F11,F11:F13) -> 3 | H11: =SUM(E11:E13) -> 17969 | I11: =RANK(H11,H5:H13) -> 2 | Q11: 业务员7 | R11: =RANDBETWEEN(150,800) -> 197 | S11: =RANDBETWEEN(150,800) -> 620 | T11: =RANDBETWEEN(150,800) -> 281 | U11: =SUM(R11:T11) -> 1098 | V11: =AVERAGE(R11:T11) -> 366 | AM11: =B8 -> 11月 | AN11: =H8 -> 15783
C12: B组 | D12: 7600 | E12: =RANDBETWEEN(3000,8000) -> 6509 | F12: =E12/D12 -> 0.85644737 | G12: =RANK(F12,F11:F13) -> 2 | Q12: 业务员8 | R12: =RANDBETWEEN(150,800) -> 388 | S12: =RANDBETWEEN(150,800) -> 599 | T12: =RANDBETWEEN(150,800) -> 654 | U12: =SUM(R12:T12) -> 1641 | V12: =AVERAGE(R12:T12) -> 547
C13: C组 | D13: 4600 | E13: =RANDBETWEEN(3000,8000) -> 7764 | F13: =E13/D13 -> 1.6878261 | G13: =RANK(F13,F11:F13) -> 1 | Q13: 业务员9 | R13: =RANDBETWEEN(150,800) -> 182 | S13: =RANDBETWEEN(150,800) -> 484 | T13: =RANDBETWEEN(150,800) -> 611 | U13: =SUM(R13:T13) -> 1277 | V13: =AVERAGE(R13:T13) -> 425.66667
B14: 小计 | D14: =SUM(D5:D13) -> 49900 | E14: =SUM(E5:E13) -> 52231 | F14: =AVERAGE(F5:F13) -> 1.0766194 | G14: =SUM(H5:H13) -> 52231 | Q14: 最高值 | R14: =MAX(R5:R13) -> 573 | S14: =MAX(S5:S13) -> 769 | T14: =MAX(T5:T13) -> 739 | U14: =MAX(U5:U13) -> 1648 | V14: =MAX(V5:V13) -> 549.33333
AM15: =B11 -> 12月 | AN15: =H11 -> 17969
AM19: =R4 -> A组 | AN19: =R14 -> 573
AM23: =S4 -> B组 | AN23: =S14 -> 769
AM27: =T4 -> C组 | AN27: =T14 -> 739

Sheet Sheet2
D7: =Sheet1!B5 -> 10月 | E7: =Sheet1!H5 -> 18479
D11: =Sheet1!B8 -> 11月 | E11: =Sheet1!H8 -> 15783
D15: =Sheet1!B11 -> 12月 | E15: =Sheet1!H11 -> 17969

Sheet Sheet3
