Workbook

Sheet Sheet1
A1: 年度收款预算表 | I1: 1月 | J1: 2月 | K1: 3月 | L1: 4月 | M1: 5月 | N1: 6月 | O1: 7月 | P1: 8月 | Q1: 9月 | R1: 10月 | S1: 11月 | T1: 12月 | U1: 本年累计
A2: 部门 | B2: 收款主体 | C2: 客户代码 | D2: 客户/平台/店铺 | E2: 负责人 | F2: 结算期 | G2: 结算方式 | H2: 币别 | I2: 收入货款 | J2: 收入货款 | K2: 收入货款 | L2: 收入货款 | M2: 收入货款 | N2: 收入货款 | O2: 收入货款 | P2: 收入货款 | Q2: 收入货款 | R2: 收入货款 | S2: 收入货款 | T2: 收入货款 | U2: 收入货款
A3: 电商运营部 | C3: 1001 | D3: 天猫店 | F3: 实时结算 | G3: 支付宝转账 | H3: 人民币 | U3: =SUM(I3:T3) -> 0
C4: 1002 | D4: 淘宝主店 | F4: 实时结算 | G4: 支付宝转账 | H4: 人民币 | U4: =SUM(I4:T4) -> 0
C5: 1003 | D5: 京东POP店 | F5: 实时结算 | H5: 人民币 | U5: =SUM(I5:T5) -> 0
C6: 1004 | D6: 有赞 | U6: =SUM(I6:T6) -> 0
C7: 1005 | D7: 拼多多 | U7: =SUM(I7:T7) -> 0
D8: 小计 | I8: =SUM(I3:I7) -> 0 | J8: =SUM(J3:J7) -> 0 | K8: =SUM(K3:K7) -> 0 | L8: =SUM(L3:L7) -> 0 | M8: =SUM(M3:M7) -> 0 | N8: =SUM(N3:N7) -> 0 | O8: =SUM(O3:O7) -> 0 | P8: =SUM(P3:P7) -> 0 | ... U8: =SUM(U3:U7) -> 0
A9: 自媒体 | C9: 2001 | F9: 实时结算 | G9: 支付宝转账 | H9: 人民币 | U9: =SUM(I9:T9) -> 0
C10: 2002 | F10: 实时结算 | G10: 支付宝转账 | H10: 人民币 | U10: =SUM(I10:T10) -> 0
C11: 2003 | F11: 实时结算 | G11: 支付宝转账 | H11: 人民币 | U11: =SUM(I11:T11) -> 0
C12: 2004 | U12: =SUM(I12:T12) -> 0
C13: 2005 | F13: 实时结算 | G13: 支付宝转账 | H13: 人民币 | U13: =SUM(I13:T13) -> 0
D14: 小计 | I14: =SUM(I9:I13) -> 0 | J14: =SUM(J9:J13) -> 0 | K14: =SUM(K9:K13) -> 0 | L14: =SUM(L9:L13) -> 0 | M14: =SUM(M9:M13) -> 0 | N14: =SUM(N9:N13) -> 0 | O14: =SUM(O9:O13) -> 0 | P14: =SUM(P9:P13) -> 0 | ... U14: =SUM(U9:U13) -> 0
A15: 线下商超 | C15: 3001 | F15: 下月初回款 | G15: 银行汇款 | H15: 人民币 | I15: 0 | J15: 0 | K15: 0 | L15: 0 | M15: 0 | N15: 0 | O15: 0 | P15: 0 | Q15: 0 | R15: 0 | S15: 0 | T15: 0 | U15: 0
C16: 3002 | F16: 下月初回款 | G16: 银行汇款 | H16: 人民币 | U16: =SUM(I16:T16) -> 0
C17: 3003 | U17: =SUM(I17:T17) -> 0
D18: 小计 | I18: =SUM(I15:I17) -> 0 | J18: =SUM(J15:J17) -> 0 | K18: =SUM(K15:K17) -> 0 | L18: =SUM(L15:L17) -> 0 | M18: =SUM(M15:M17) -> 0 | N18: =SUM(N15:N17) -> 0 | O18: =SUM(O15:O17) -> 0 | P18: =SUM(P15:P17) -> 0 | ... T18: =SUM(T15:T17) -> 0 | U18: =SUM(I18:T18) -> 0
A19: 渠道组 | C19: 4001 | H19: 人民币 | U19: =SUM(I19:T19) -> 0
C20: 4002 | H20: 人民币 | U20: =SUM(I20:T20) -> 0
C21: 4003 | H21: 人民币 | U21: =SUM(I21:T21) -> 0
C22: 4004 | H22: 人民币 | U22: =SUM(I22:T22) -> 0
D23: 小计 | H23: 人民币 | I23: =SUM(I19:I22) -> 0 | J23: =SUM(J19:J22) -> 0 | K23: =SUM(K19:K22) -> 0 | L23: =SUM(L19:L22) -> 0 | M23: =SUM(M19:M22) -> 0 | N23: =SUM(N19:N22) -> 0 | O23: =SUM(O19:O22) -> 0 | P23: =SUM(P19:P22) -> 0 | ... T23: =SUM(T19:T22) -> 0 | U23: =SUM(I23:T23) -> 0
A24: 商务组 | C24: 5001 | H24: 人民币 | U24: =SUM(I24:T24) -> 0
C25: 5002 | H25: 人民币 | U25: =SUM(I25:T25) -> 0
D26: 小计 | I26: =SUM(I24:I25) -> 0 | J26: =SUM(J24:J25) -> 0 | K26: =SUM(K24:K25) -> 0 | L26: =SUM(L24:L25) -> 0 | M26: =SUM(M24:M25) -> 0 | N26: =SUM(N24:N25) -> 0 | O26: =SUM(O24:O25) -> 0 | P26: =SUM(P24:P25) -> 0 | ... T26: =SUM(T24:T25) -> 0 | U26: =SUM(I26:T26) -> 0
A27: 其他 | C27: 6001 | H27: 人民币 | U27: =SUM(I27:T27) -> 0
D28: 小 计 | I28: =SUM(I27) -> 0 | J28: =SUM(J27) -> 0 | K28: =SUM(K27) -> 0 | L28: =SUM(L27) -> 0 | M28: =SUM(M27) -> 0 | N28: =SUM(N27) -> 0 | O28: =SUM(O27) -> 0 | P28: =SUM(P27) -> 0 | ... T28: =SUM(T27) -> 0 | U28: =SUM(I28:T28) -> 0
A29: 线下店铺 | C29: 8888 | D29: 线下门店 | H29: 人民币 | I29: =[1]线下门店收款预算表!G31 -> 0 | J29: =[1]线下门店收款预算表!H31 -> 0 | K29: =[1]线下门店收款预算表!I31 -> 0 | L29: =[1]线下门店收款预算表!J31 -> 0 | M29: =[1]线下门店收款预算表!K31 -> 0 | O29: =[1]线下门店收款预算表!M31 -> 0 | P29: =[1]线下门店收款预算表!N31 -> 0 | Q29: =[1]线下门店收款预算表!O31 -> 0 | R29: =[1]线下门店收款预算表!P31 -> 0 | S29: =[1]线下门店收款预算表!Q31 -> 0 | T29: =[1]线下门店收款预算表!R31 -> 0 | U29: =SUM(I29:T29) -> 0
A30: 合 计 | I30: =$I$8+$I$14+$I$18+$I$28+$I$29+I23+I26 -> 0 | J30: =$I$8+$I$14+$I$18+$I$28+$I$29+J23+J26 -> 0 | K30: =$I$8+$I$14+$I$18+$I$28+$I$29+K23+K26 -> 0 | L30: =$I$8+$I$14+$I$18+$I$28+$I$29+L23+L26 -> 0 | M30: =$I$8+$I$14+$I$18+$I$28+$I$29+M23+M26 -> 0 | N30: =$I$8+$I$14+$I$18+$I$28+$I$29+N23+N26 -> 0 | O30: =$I$8+$I$14+$I$18+$I$28+$I$29+O23+O26 -> 0 | P30: =$I$8+$I$14+$I$18+$I$28+$I$29+P23+P26 -> 0 | ... T30: =$I$8+$I$14+$I$18+$I$28+$I$29+T23+T26 -> 0 | U30: =SUM(I30:T30) -> 0
